Created_Date Asia/Kolkata,AQI,PM2.5,PM10
2019-06-13 10:55:57,38,23.0,28.0
2019-06-13 10:56:36,43,26.0,31.0
2019-06-13 10:56:56,43,26.0,31.0
2019-06-13 10:57:16,48,29.0,48.0
2019-06-13 10:57:36,52,32.0,49.0
2019-06-13 10:57:56,43,26.0,31.0
2019-06-13 10:58:16,52,32.0,48.0
2019-06-13 10:58:36,57,35.0,57.0
2019-06-13 10:58:56,327,84.0,372.0
2019-06-13 10:59:17,326,87.0,371.0
2019-06-13 10:59:37,88,53.0,86.0
2019-06-13 10:59:57,93,56.0,77.0
2019-06-13 11:00:17,93,56.0,75.0
2019-06-13 11:00:37,93,56.0,78.0
2019-06-13 11:00:57,88,53.0,81.0
2019-06-13 11:01:17,96,56.0,96.0
2019-06-13 11:01:37,88,53.0,83.0
2019-06-13 11:01:57,93,56.0,85.0
2019-06-13 11:02:17,93,56.0,89.0
2019-06-13 11:02:37,93,56.0,83.0
2019-06-13 11:02:57,88,53.0,80.0
2019-06-13 11:03:17,88,53.0,75.0
2019-06-13 11:03:37,88,53.0,80.0
2019-06-13 11:04:17,83,50.0,73.0
2019-06-13 11:04:37,83,50.0,77.0
2019-06-13 11:04:57,88,53.0,81.0
2019-06-13 11:05:17,88,53.0,77.0
2019-06-13 11:05:58,89,53.0,89.0
2019-06-13 11:06:18,88,53.0,77.0
2019-06-13 11:06:38,88,53.0,80.0
2019-06-13 11:06:58,93,56.0,81.0
2019-06-13 11:07:18,101,56.0,101.0
2019-06-13 11:07:38,96,56.0,96.0
2019-06-13 11:07:58,88,53.0,78.0
2019-06-13 11:08:18,88,53.0,72.0
2019-06-13 11:08:38,88,53.0,77.0
2019-06-13 11:08:58,88,53.0,77.0
2019-06-13 11:09:19,93,56.0,88.0
2019-06-13 11:09:39,93,56.0,81.0
2019-06-13 11:09:59,93,56.0,81.0
2019-06-13 11:10:19,88,53.0,81.0
2019-06-13 11:10:39,88,53.0,77.0
2019-06-13 11:10:59,93,56.0,91.0
2019-06-13 11:11:19,93,56.0,89.0
2019-06-13 11:11:39,94,57.0,88.0
2019-06-13 11:11:59,93,56.0,88.0
2019-06-13 11:12:19,94,57.0,94.0
2019-06-13 11:12:39,94,57.0,93.0
2019-06-13 11:12:59,94,57.0,93.0
2019-06-13 11:13:19,93,56.0,83.0
2019-06-13 11:13:39,94,56.0,94.0
2019-06-13 11:13:59,93,56.0,89.0
2019-06-13 11:14:19,93,56.0,80.0
2019-06-13 11:14:39,93,56.0,77.0
2019-06-13 11:14:59,93,56.0,81.0
2019-06-13 11:15:19,94,56.0,94.0
2019-06-13 11:15:39,88,53.0,75.0
2019-06-13 11:16:00,88,53.0,83.0
2019-06-13 11:16:20,88,53.0,86.0
2019-06-13 11:16:40,88,53.0,70.0
2019-06-13 11:17:00,83,50.0,77.0
2019-06-13 11:17:20,83,50.0,78.0
2019-06-13 11:17:40,93,56.0,81.0
2019-06-13 11:18:00,93,56.0,81.0
2019-06-13 11:18:20,93,56.0,77.0
2019-06-13 11:18:40,93,56.0,81.0
2019-06-13 11:19:00,93,56.0,89.0
2019-06-13 11:19:20,93,56.0,88.0
2019-06-13 11:19:40,93,56.0,85.0
2019-06-13 11:20:00,93,56.0,85.0
2019-06-13 11:20:20,93,56.0,73.0
2019-06-13 11:20:40,88,53.0,77.0
2019-06-13 11:21:00,93,56.0,83.0
2019-06-13 11:21:20,93,56.0,89.0
2019-06-13 11:21:40,93,56.0,89.0
2019-06-13 11:22:00,94,57.0,78.0
2019-06-13 11:22:20,93,56.0,85.0
2019-06-13 11:22:41,88,53.0,81.0
2019-06-13 11:23:01,93,56.0,89.0
2019-06-13 11:23:21,83,50.0,81.0
2019-06-13 11:23:41,88,53.0,85.0
2019-06-13 11:24:01,93,56.0,75.0
2019-06-13 11:24:21,93,56.0,83.0
2019-06-13 11:24:41,93,56.0,85.0
2019-06-13 11:25:01,93,56.0,86.0
2019-06-13 11:25:21,93,56.0,83.0
2019-06-13 11:25:41,88,53.0,75.0
2019-06-13 11:26:02,88,53.0,85.0
2019-06-13 11:26:22,93,56.0,81.0
2019-06-13 11:26:42,93,56.0,86.0
2019-06-13 11:27:02,93,56.0,89.0
2019-06-13 11:27:22,93,56.0,80.0
2019-06-13 11:27:42,94,57.0,80.0
2019-06-13 11:28:02,93,56.0,83.0
2019-06-13 11:28:22,94,57.0,85.0
2019-06-13 11:28:42,93,56.0,83.0
2019-06-13 11:29:02,93,56.0,77.0
2019-06-13 11:29:22,94,57.0,89.0
2019-06-13 11:29:42,93,56.0,93.0
2019-06-13 11:30:02,93,56.0,89.0
2019-06-13 11:30:22,94,57.0,86.0
2019-06-13 11:30:42,93,56.0,77.0
2019-06-13 11:31:02,93,56.0,85.0
2019-06-13 11:31:22,94,57.0,81.0
2019-06-13 11:31:42,94,57.0,81.0
2019-06-13 11:32:02,94,57.0,81.0
2019-06-13 11:32:22,94,57.0,81.0
2019-06-13 11:32:43,94,57.0,81.0
2019-06-13 11:33:03,94,57.0,75.0
2019-06-13 11:33:23,94,57.0,80.0
2019-06-13 11:33:43,93,56.0,78.0
2019-06-13 11:34:03,94,57.0,78.0
2019-06-13 11:34:43,94,57.0,86.0
2019-06-13 11:35:03,93,56.0,78.0
2019-06-13 11:35:23,94,57.0,80.0
2019-06-13 11:35:43,93,56.0,72.0
2019-06-13 11:36:03,93,56.0,72.0
2019-06-13 11:36:23,88,53.0,67.0
2019-06-13 11:36:43,88,53.0,77.0
2019-06-13 11:37:03,93,56.0,77.0
2019-06-13 11:37:23,93,56.0,70.0
2019-06-13 11:37:43,88,53.0,75.0
2019-06-13 11:38:04,88,53.0,73.0
2019-06-13 11:38:24,83,50.0,70.0
2019-06-13 11:38:44,78,47.0,59.0
2019-06-13 11:39:04,78,47.0,59.0
2019-06-13 11:39:24,72,44.0,53.0
2019-06-13 11:39:44,78,47.0,61.0
2019-06-13 11:40:04,83,50.0,67.0
2019-06-13 11:40:24,83,50.0,65.0
2019-06-13 11:40:44,83,50.0,70.0
2019-06-13 11:41:04,83,50.0,69.0
2019-06-13 11:41:24,78,47.0,56.0
2019-06-13 11:41:44,78,47.0,59.0
2019-06-13 11:42:04,72,44.0,54.0
2019-06-13 11:42:24,78,47.0,56.0
2019-06-13 11:42:44,83,50.0,62.0
2019-06-13 11:43:05,83,50.0,62.0
2019-06-13 11:43:25,83,50.0,65.0
2019-06-13 11:43:45,83,50.0,67.0
2019-06-13 11:44:05,83,50.0,65.0
2019-06-13 11:44:25,83,50.0,62.0
2019-06-13 11:44:45,88,53.0,62.0
2019-06-13 11:45:05,88,53.0,69.0
2019-06-13 11:45:25,88,53.0,77.0
2019-06-13 11:45:45,83,50.0,70.0
2019-06-13 11:46:05,88,53.0,69.0
2019-06-13 11:46:25,88,53.0,65.0
2019-06-13 11:46:45,88,53.0,65.0
2019-06-13 11:47:05,83,50.0,69.0
2019-06-13 11:47:25,88,53.0,72.0
2019-06-13 11:47:45,88,53.0,65.0
2019-06-13 11:48:06,88,53.0,61.0
2019-06-13 11:48:26,78,47.0,49.0
2019-06-13 11:48:46,72,44.0,56.0
2019-06-13 11:49:06,83,50.0,57.0
2019-06-13 11:49:26,78,47.0,51.0
2019-06-13 11:49:46,72,44.0,51.0
2019-06-13 11:50:06,83,50.0,62.0
2019-06-13 11:50:26,83,50.0,65.0
2019-06-13 11:50:46,83,50.0,73.0
2019-06-13 11:51:06,83,50.0,72.0
2019-06-13 11:51:26,88,53.0,67.0
2019-06-13 11:51:46,78,47.0,65.0
2019-06-13 11:52:06,78,47.0,62.0
2019-06-13 11:52:26,78,47.0,59.0
2019-06-13 11:52:46,78,47.0,54.0
2019-06-13 11:53:07,83,50.0,64.0
2019-06-13 11:53:27,88,53.0,72.0
2019-06-13 11:53:47,83,50.0,64.0
2019-06-13 11:54:07,83,50.0,64.0
2019-06-13 11:54:27,83,50.0,59.0
2019-06-13 11:54:47,83,50.0,59.0
2019-06-13 11:55:07,83,50.0,61.0
2019-06-13 11:55:27,83,50.0,62.0
2019-06-13 11:55:47,78,47.0,56.0
2019-06-13 11:56:07,83,50.0,69.0
2019-06-13 11:56:27,88,53.0,73.0
2019-06-13 11:56:47,83,50.0,65.0
2019-06-13 11:57:08,78,47.0,57.0
2019-06-13 11:57:28,72,44.0,49.0
2019-06-13 11:57:48,67,41.0,46.0
2019-06-13 11:58:08,72,44.0,49.0
2019-06-13 11:58:28,78,47.0,48.0
2019-06-13 11:59:08,78,47.0,57.0
2019-06-13 11:59:28,78,47.0,53.0
2019-06-13 11:59:48,78,47.0,48.0
2019-06-13 12:00:08,78,47.0,59.0
2019-06-13 12:00:48,72,44.0,51.0
2019-06-13 12:01:08,72,44.0,48.0
2019-06-13 12:01:28,78,47.0,49.0
2019-06-13 12:01:48,83,50.0,62.0
2019-06-13 12:02:28,83,50.0,61.0
2019-06-13 12:02:48,83,50.0,62.0
2019-06-13 12:03:08,83,50.0,51.0
2019-06-13 12:03:28,83,50.0,64.0
2019-06-13 12:04:09,78,47.0,56.0
2019-06-13 12:04:29,72,44.0,51.0
2019-06-13 12:04:49,72,44.0,51.0
2019-06-13 12:05:09,62,38.0,46.0
2019-06-13 12:05:49,67,41.0,48.0
2019-06-13 12:06:09,67,41.0,46.0
2019-06-13 12:06:29,62,38.0,48.0
2019-06-13 12:06:49,52,32.0,41.0
2019-06-13 12:07:29,62,38.0,46.0
2019-06-13 12:07:49,57,35.0,38.0
2019-06-13 12:08:09,67,41.0,41.0
2019-06-13 12:08:29,72,44.0,49.0
2019-06-13 12:09:10,62,38.0,49.0
2019-06-13 12:09:30,67,41.0,49.0
2019-06-13 12:09:50,67,41.0,57.0
2019-06-13 12:10:10,72,44.0,61.0
2019-06-13 12:10:50,67,41.0,54.0
2019-06-13 12:11:10,72,44.0,56.0
2019-06-13 12:11:30,57,35.0,46.0
2019-06-13 12:11:50,62,38.0,49.0
2019-06-13 12:12:30,62,38.0,49.0
2019-06-13 12:12:50,72,44.0,56.0
2019-06-13 12:13:10,72,44.0,56.0
2019-06-13 12:13:30,67,41.0,57.0
2019-06-13 12:14:11,72,44.0,62.0
2019-06-13 12:14:31,72,44.0,62.0
2019-06-13 12:14:51,72,44.0,61.0
2019-06-13 12:15:11,72,44.0,51.0
2019-06-13 12:15:31,72,44.0,57.0
2019-06-13 12:15:51,67,41.0,54.0
2019-06-13 12:16:11,67,41.0,48.0
2019-06-13 12:16:31,72,44.0,57.0
2019-06-13 12:16:51,72,44.0,57.0
2019-06-13 12:17:11,67,41.0,62.0
2019-06-13 12:17:31,72,44.0,61.0
2019-06-13 12:17:51,72,44.0,53.0
2019-06-13 12:18:11,72,44.0,61.0
2019-06-13 12:18:31,72,44.0,59.0
2019-06-13 12:18:51,67,41.0,53.0
2019-06-13 12:19:12,62,38.0,54.0
2019-06-13 12:19:32,67,41.0,54.0
2019-06-13 12:19:52,67,41.0,56.0
2019-06-13 12:20:12,67,41.0,56.0
2019-06-13 12:20:32,67,41.0,59.0
2019-06-13 12:20:52,67,41.0,61.0
2019-06-13 12:21:12,62,38.0,54.0
2019-06-13 12:21:32,62,38.0,48.0
2019-06-13 12:21:52,62,38.0,43.0
2019-06-13 12:22:12,62,38.0,46.0
2019-06-13 12:22:32,57,35.0,49.0
2019-06-13 12:22:52,57,35.0,46.0
2019-06-13 12:23:12,52,32.0,40.0
2019-06-13 12:23:32,52,32.0,36.0
2019-06-13 12:23:52,62,38.0,46.0
2019-06-13 12:24:33,72,44.0,69.0
2019-06-13 12:24:53,72,44.0,61.0
2019-06-13 12:25:13,72,44.0,61.0
2019-06-13 12:25:33,72,44.0,51.0
2019-06-13 12:25:53,72,44.0,54.0
2019-06-13 12:26:13,72,44.0,59.0
2019-06-13 12:26:33,67,41.0,57.0
2019-06-13 12:26:53,67,41.0,53.0
2019-06-13 12:27:13,62,38.0,46.0
2019-06-13 12:27:33,57,35.0,44.0
2019-06-13 12:27:53,57,35.0,43.0
2019-06-13 12:28:13,57,35.0,46.0
2019-06-13 12:28:33,52,32.0,36.0
2019-06-13 12:28:53,57,35.0,49.0
2019-06-13 12:29:13,67,41.0,53.0
2019-06-13 12:29:34,67,41.0,53.0
2019-06-13 12:29:54,72,44.0,61.0
2019-06-13 12:30:14,72,44.0,62.0
2019-06-13 12:30:34,72,44.0,56.0
2019-06-13 12:30:54,72,44.0,56.0
2019-06-13 12:31:34,78,47.0,56.0
2019-06-13 12:31:54,78,47.0,54.0
2019-06-13 12:32:14,72,44.0,51.0
2019-06-13 12:32:34,72,44.0,57.0
2019-06-13 12:33:14,72,44.0,72.0
2019-06-13 12:33:34,72,44.0,61.0
2019-06-13 12:33:54,72,44.0,53.0
2019-06-13 12:34:14,72,44.0,59.0
2019-06-13 12:34:55,72,44.0,62.0
2019-06-13 12:35:15,72,44.0,54.0
2019-06-13 12:35:35,72,44.0,54.0
2019-06-13 12:35:55,72,44.0,59.0
2019-06-13 12:36:35,72,44.0,57.0
2019-06-13 12:36:55,72,44.0,57.0
2019-06-13 12:37:15,72,44.0,57.0
2019-06-13 12:37:35,72,44.0,56.0
2019-06-13 12:38:15,80,47.0,80.0
2019-06-13 12:38:35,78,47.0,75.0
2019-06-13 12:38:55,67,41.0,64.0
2019-06-13 12:39:15,67,41.0,57.0
2019-06-13 12:39:56,67,41.0,67.0
2019-06-13 12:40:16,62,38.0,54.0
2019-06-13 12:40:36,62,38.0,59.0
2019-06-13 12:40:56,72,44.0,54.0
2019-06-13 12:41:16,72,44.0,53.0
2019-06-13 12:41:36,72,44.0,59.0
2019-06-13 12:41:56,78,47.0,69.0
2019-06-13 12:42:16,72,44.0,62.0
2019-06-13 12:42:36,72,44.0,54.0
2019-06-13 12:42:56,72,44.0,56.0
2019-06-13 12:43:16,72,44.0,57.0
2019-06-13 12:43:36,72,44.0,48.0
2019-06-13 12:43:56,72,44.0,51.0
2019-06-13 12:44:16,67,41.0,56.0
2019-06-13 12:44:36,67,41.0,57.0
2019-06-13 12:44:57,67,41.0,54.0
2019-06-13 12:45:17,67,41.0,49.0
2019-06-13 12:45:37,72,44.0,56.0
2019-06-13 12:45:57,72,44.0,51.0
2019-06-13 12:46:17,67,41.0,53.0
2019-06-13 12:52:38,72,44.0,49.0
2019-06-13 12:52:58,72,44.0,53.0
2019-06-13 12:53:18,72,44.0,61.0
2019-06-13 12:53:22,72,44.0,61.0
2019-06-13 12:53:29,72,44.0,64.0
2019-06-13 12:53:38,72,44.0,61.0
2019-06-13 12:53:59,72,44.0,64.0
2019-06-13 12:54:19,72,44.0,61.0
2019-06-13 12:54:29,67,41.0,54.0
2019-06-13 12:54:39,67,41.0,54.0
2019-06-13 12:54:59,72,44.0,57.0
2019-06-13 12:55:19,72,44.0,48.0
2019-06-13 12:55:29,72,44.0,46.0
2019-06-13 12:55:39,67,41.0,53.0
2019-06-13 12:55:59,72,44.0,61.0
2019-06-13 12:56:19,72,44.0,62.0
2019-06-13 12:56:33,72,44.0,67.0
2019-06-13 12:56:39,73,44.0,73.0
2019-06-13 12:56:59,72,44.0,72.0
2019-06-13 12:57:00,72,44.0,72.0
2019-06-13 12:57:19,72,44.0,64.0
2019-06-13 12:57:30,72,44.0,62.0
2019-06-13 12:57:39,72,44.0,64.0
2019-06-13 12:57:59,72,44.0,51.0
2019-06-13 12:58:19,72,44.0,48.0
2019-06-13 12:58:39,72,44.0,56.0
2019-06-13 12:58:59,67,41.0,49.0
2019-06-13 12:59:19,67,41.0,57.0
2019-06-13 12:59:40,72,44.0,57.0
2019-06-13 13:00:00,72,44.0,54.0
2019-06-13 13:00:20,67,41.0,51.0
2019-06-13 13:00:40,72,44.0,51.0
2019-06-13 13:01:00,62,38.0,43.0
2019-06-13 13:01:20,57,35.0,43.0
2019-06-13 13:01:40,52,32.0,40.0
2019-06-13 13:02:00,52,32.0,38.0
2019-06-13 13:02:20,52,32.0,41.0
2019-06-13 13:02:40,62,38.0,53.0
2019-06-13 13:03:00,67,41.0,53.0
2019-06-13 13:03:20,57,35.0,41.0
2019-06-13 13:03:40,62,38.0,48.0
2019-06-13 13:04:00,67,41.0,57.0
2019-06-13 13:04:20,67,41.0,51.0
2019-06-13 13:08:31,67,41.0,46.0
2019-06-13 13:08:32,67,41.0,46.0
2019-06-13 13:09:02,67,41.0,49.0
2019-06-13 13:09:32,67,41.0,54.0
2019-06-13 13:10:03,67,41.0,48.0
2019-06-13 13:10:33,67,41.0,56.0
2019-06-13 13:11:03,67,41.0,54.0
2019-06-13 13:11:33,67,41.0,48.0
2019-06-13 13:12:03,72,44.0,59.0
2019-06-13 13:12:33,72,44.0,53.0
2019-06-13 13:13:03,72,44.0,56.0
2019-06-13 13:13:33,67,41.0,51.0
2019-06-13 13:14:03,67,41.0,46.0
2019-06-13 13:14:34,72,44.0,56.0
2019-06-13 13:15:04,67,41.0,48.0
2019-06-13 13:15:34,72,44.0,53.0
2019-06-13 13:16:04,67,41.0,54.0
2019-06-13 13:16:34,67,41.0,51.0
2019-06-13 13:17:04,67,41.0,44.0
2019-06-13 13:17:35,67,41.0,48.0
2019-06-13 13:18:04,67,41.0,54.0
2019-06-13 13:18:34,67,41.0,46.0
2019-06-13 13:19:04,67,41.0,48.0
2019-06-13 13:19:35,62,38.0,46.0
2019-06-13 13:20:05,72,44.0,59.0
2019-06-13 13:20:35,62,38.0,46.0
2019-06-13 13:21:05,67,41.0,48.0
2019-06-13 13:21:35,67,41.0,46.0
2019-06-13 13:22:05,67,41.0,53.0
2019-06-13 13:22:35,67,41.0,44.0
2019-06-13 13:23:05,67,41.0,46.0
2019-06-13 13:23:35,72,44.0,57.0
2019-06-13 13:24:06,72,44.0,48.0
2019-06-13 13:24:36,78,47.0,61.0
2019-06-13 13:25:06,72,44.0,67.0
2019-06-13 13:25:36,78,47.0,54.0
2019-06-13 13:26:06,72,44.0,53.0
2019-06-13 13:26:36,72,44.0,57.0
2019-06-13 13:27:06,72,44.0,54.0
2019-06-13 13:27:36,67,41.0,51.0
2019-06-13 13:28:07,72,44.0,48.0
2019-06-13 13:28:36,72,44.0,53.0
2019-06-13 13:29:07,72,44.0,53.0
2019-06-13 13:29:37,72,44.0,54.0
2019-06-13 13:30:07,72,44.0,61.0
2019-06-13 13:30:37,62,38.0,46.0
2019-06-13 13:31:07,67,41.0,57.0
2019-06-13 13:31:37,57,35.0,40.0
2019-06-13 13:32:07,67,41.0,53.0
2019-06-13 13:32:37,72,44.0,49.0
2019-06-13 13:33:07,67,41.0,51.0
2019-06-13 13:33:38,72,44.0,54.0
2019-06-13 13:34:08,72,44.0,48.0
2019-06-13 13:34:38,72,44.0,54.0
2019-06-13 13:35:08,72,44.0,56.0
2019-06-13 13:35:38,72,44.0,51.0
2019-06-13 13:36:08,72,44.0,57.0
2019-06-13 13:36:38,72,44.0,51.0
2019-06-13 13:37:08,78,47.0,57.0
2019-06-13 13:37:38,72,44.0,56.0
2019-06-13 13:38:08,72,44.0,53.0
2019-06-13 13:38:39,72,44.0,54.0
2019-06-13 13:39:09,72,44.0,53.0
2019-06-13 13:39:39,72,44.0,49.0
2019-06-13 13:40:11,72,44.0,64.0
2019-06-13 13:40:39,72,44.0,54.0
2019-06-13 13:41:09,78,47.0,57.0
2019-06-13 13:41:39,72,44.0,61.0
2019-06-13 13:42:09,67,41.0,51.0
2019-06-13 13:42:39,72,44.0,49.0
2019-06-13 13:43:10,67,41.0,49.0
2019-06-13 13:43:40,72,44.0,53.0
2019-06-13 13:44:10,72,44.0,62.0
2019-06-13 13:44:40,67,41.0,53.0
2019-06-13 13:45:10,72,44.0,65.0
2019-06-13 13:45:40,72,44.0,59.0
2019-06-13 13:46:10,72,44.0,59.0
2019-06-13 13:46:40,67,41.0,56.0
2019-06-13 13:46:50,78,47.0,64.0
2019-06-13 13:47:10,72,44.0,59.0
2019-06-13 13:47:30,72,44.0,57.0
2019-06-13 13:47:41,72,44.0,59.0
2019-06-13 13:47:50,72,44.0,54.0
2019-06-13 13:48:10,72,44.0,59.0
2019-06-13 13:48:30,72,44.0,54.0
2019-06-13 13:49:09,72,44.0,54.0
2019-06-13 13:49:29,67,41.0,51.0
2019-06-13 13:49:49,67,41.0,53.0
2019-06-13 13:50:09,67,41.0,57.0
2019-06-13 13:50:50,67,41.0,56.0
2019-06-13 13:51:10,67,41.0,49.0
2019-06-13 13:51:30,67,41.0,51.0
2019-06-13 13:51:50,72,44.0,56.0
2019-06-13 13:52:30,78,47.0,54.0
2019-06-13 13:52:50,72,44.0,54.0
2019-06-13 13:53:10,72,44.0,56.0
2019-06-13 13:53:30,72,44.0,54.0
2019-06-13 13:54:11,72,44.0,56.0
2019-06-13 13:54:31,72,44.0,51.0
2019-06-13 13:54:51,72,44.0,49.0
2019-06-13 13:55:11,72,44.0,51.0
2019-06-13 13:55:51,72,44.0,61.0
2019-06-13 13:56:11,72,44.0,59.0
2019-06-13 13:56:31,72,44.0,61.0
2019-06-13 13:56:51,72,44.0,56.0
2019-06-13 13:57:11,72,44.0,57.0
2019-06-13 13:57:32,72,44.0,59.0
2019-06-13 13:57:52,72,44.0,57.0
2019-06-13 13:58:12,78,47.0,72.0
2019-06-13 13:58:32,78,47.0,65.0
2019-06-13 13:58:52,72,44.0,48.0
2019-06-13 13:59:32,78,47.0,56.0
2019-06-13 13:59:52,72,44.0,54.0
2019-06-13 14:00:12,72,44.0,53.0
2019-06-13 14:00:32,72,44.0,53.0
2019-06-13 14:00:52,78,47.0,56.0
2019-06-13 14:01:12,72,44.0,53.0
2019-06-13 14:01:32,78,47.0,57.0
2019-06-13 14:01:52,93,56.0,65.0
2019-06-13 14:02:12,83,50.0,62.0
2019-06-13 14:02:33,78,47.0,56.0
2019-06-13 14:02:53,78,47.0,61.0
2019-06-13 14:03:13,78,47.0,62.0
2019-06-13 14:03:33,78,47.0,61.0
2019-06-13 14:03:53,78,47.0,53.0
2019-06-13 14:04:13,78,47.0,56.0
2019-06-13 14:04:33,72,44.0,53.0
2019-06-13 14:04:53,78,47.0,59.0
2019-06-13 14:05:13,78,47.0,65.0
2019-06-13 14:05:33,78,47.0,61.0
2019-06-13 14:05:53,78,47.0,64.0
2019-06-13 14:06:13,72,44.0,57.0
2019-06-13 14:06:33,78,47.0,53.0
2019-06-13 14:06:53,78,47.0,54.0
2019-06-13 14:07:13,78,47.0,61.0
2019-06-13 14:07:34,78,47.0,62.0
2019-06-13 14:07:54,78,47.0,59.0
2019-06-13 14:08:14,67,41.0,53.0
2019-06-13 14:08:34,57,35.0,41.0
2019-06-13 14:08:54,62,38.0,48.0
2019-06-13 14:09:14,67,41.0,54.0
2019-06-13 14:09:34,67,41.0,49.0
2019-06-13 14:09:54,57,35.0,44.0
2019-06-13 14:10:14,62,38.0,44.0
2019-06-13 14:10:34,62,38.0,46.0
2019-06-13 14:10:54,52,32.0,40.0
2019-06-13 14:11:14,52,32.0,38.0
2019-06-13 14:11:34,57,35.0,38.0
2019-06-13 14:11:54,57,35.0,41.0
2019-06-13 14:12:14,57,35.0,44.0
2019-06-13 14:12:35,67,41.0,56.0
2019-06-13 14:12:55,72,44.0,65.0
2019-06-13 14:13:15,78,47.0,64.0
2019-06-13 14:13:35,83,50.0,61.0
2019-06-13 14:13:55,78,47.0,61.0
2019-06-13 14:14:15,78,47.0,56.0
2019-06-13 14:14:35,83,50.0,54.0
2019-06-13 14:14:55,78,47.0,56.0
2019-06-13 14:15:15,78,47.0,62.0
2019-06-13 14:15:35,83,50.0,70.0
2019-06-13 14:15:55,78,47.0,69.0
2019-06-13 14:16:15,78,47.0,64.0
2019-06-13 14:16:35,78,47.0,62.0
2019-06-13 14:16:55,78,47.0,64.0
2019-06-13 14:17:15,78,47.0,61.0
2019-06-13 14:17:36,78,47.0,62.0
2019-06-13 14:17:56,78,47.0,62.0
2019-06-13 14:18:16,78,47.0,62.0
2019-06-13 14:18:36,83,50.0,61.0
2019-06-13 14:18:56,78,47.0,59.0
2019-06-13 14:19:16,78,47.0,59.0
2019-06-13 14:19:36,83,50.0,62.0
2019-06-13 14:19:56,78,47.0,61.0
2019-06-13 14:20:16,78,47.0,61.0
2019-06-13 14:20:36,78,47.0,67.0
2019-06-13 14:20:56,83,50.0,61.0
2019-06-13 14:21:16,83,50.0,57.0
2019-06-13 14:21:36,83,50.0,57.0
2019-06-13 14:21:56,78,47.0,54.0
2019-06-13 14:22:16,78,47.0,59.0
2019-06-13 14:22:37,78,47.0,61.0
2019-06-13 14:22:57,78,47.0,56.0
2019-06-13 14:23:17,78,47.0,56.0
2019-06-13 14:23:37,78,47.0,62.0
2019-06-13 14:23:57,78,47.0,67.0
2019-06-13 14:24:17,78,47.0,62.0
2019-06-13 14:24:37,83,50.0,62.0
2019-06-13 14:24:57,78,47.0,57.0
2019-06-13 14:25:17,78,47.0,57.0
2019-06-13 14:25:37,78,47.0,64.0
2019-06-13 14:25:57,83,50.0,65.0
2019-06-13 14:26:17,78,47.0,62.0
2019-06-13 14:26:37,78,47.0,61.0
2019-06-13 14:26:57,72,44.0,56.0
2019-06-13 14:27:17,78,47.0,56.0
2019-06-13 14:27:37,72,44.0,65.0
2019-06-13 14:27:57,78,47.0,61.0
2019-06-13 14:28:17,78,47.0,59.0
2019-06-13 14:28:37,72,44.0,57.0
2019-06-13 14:28:57,72,44.0,56.0
2019-06-13 14:29:18,72,44.0,59.0
2019-06-13 14:29:38,72,44.0,57.0
2019-06-13 14:29:58,78,47.0,65.0
2019-06-13 14:30:18,78,47.0,61.0
2019-06-13 14:30:38,78,47.0,56.0
2019-06-13 14:30:58,78,47.0,57.0
2019-06-13 14:31:18,78,47.0,65.0
2019-06-13 14:31:38,78,47.0,54.0
2019-06-13 14:31:58,78,47.0,54.0
2019-06-13 14:32:18,78,47.0,53.0
2019-06-13 14:32:38,72,44.0,51.0
2019-06-13 14:32:58,78,47.0,62.0
2019-06-13 14:33:18,78,47.0,56.0
2019-06-13 14:33:38,78,47.0,54.0
2019-06-13 14:33:58,83,50.0,56.0
2019-06-13 14:34:19,78,47.0,57.0
2019-06-13 14:34:39,78,47.0,57.0
2019-06-13 14:34:59,78,47.0,59.0
2019-06-13 14:35:19,78,47.0,54.0
2019-06-13 14:35:39,78,47.0,56.0
2019-06-13 14:35:59,83,50.0,64.0
2019-06-13 14:36:19,88,53.0,62.0
2019-06-13 14:36:39,83,50.0,62.0
2019-06-13 14:36:59,78,47.0,56.0
2019-06-13 14:37:19,78,47.0,49.0
2019-06-13 14:37:39,78,47.0,54.0
2019-06-13 14:37:59,78,47.0,61.0
2019-06-13 14:38:19,78,47.0,56.0
2019-06-13 14:38:39,78,47.0,49.0
2019-06-13 14:38:59,83,50.0,53.0
2019-06-13 14:39:20,78,47.0,56.0
2019-06-13 14:39:40,78,47.0,57.0
2019-06-13 14:40:00,67,41.0,53.0
2019-06-13 14:40:20,62,38.0,46.0
2019-06-13 14:40:40,72,44.0,61.0
2019-06-13 14:41:00,78,47.0,64.0
2019-06-13 14:41:20,72,44.0,56.0
2019-06-13 14:41:40,72,44.0,54.0
2019-06-13 14:42:00,72,44.0,59.0
2019-06-13 14:42:20,72,44.0,62.0
2019-06-13 14:43:00,83,50.0,64.0
2019-06-13 14:43:20,78,47.0,62.0
2019-06-13 14:43:40,78,47.0,59.0
2019-06-13 14:44:00,78,47.0,59.0
2019-06-13 14:44:20,83,50.0,65.0
2019-06-13 14:44:41,78,47.0,61.0
2019-06-13 14:45:01,72,44.0,61.0
2019-06-13 14:45:21,78,47.0,65.0
2019-06-13 14:45:41,78,47.0,59.0
2019-06-13 14:46:01,78,47.0,59.0
2019-06-13 14:46:21,78,47.0,67.0
2019-06-13 14:46:41,78,47.0,65.0
2019-06-13 14:47:01,72,44.0,59.0
2019-06-13 14:47:21,72,44.0,56.0
2019-06-13 14:47:41,72,44.0,53.0
2019-06-13 14:48:01,72,44.0,56.0
2019-06-13 14:48:21,72,44.0,61.0
2019-06-13 14:48:41,78,47.0,59.0
2019-06-13 14:49:01,78,47.0,59.0
2019-06-13 14:49:21,78,47.0,59.0
2019-06-13 14:49:42,78,47.0,59.0
2019-06-13 14:50:02,72,44.0,54.0
2019-06-13 14:50:22,78,47.0,64.0
2019-06-13 14:50:42,78,47.0,62.0
2019-06-13 14:51:02,72,44.0,64.0
2019-06-13 14:51:22,78,47.0,64.0
2019-06-13 14:51:42,72,44.0,59.0
2019-06-13 14:52:02,67,41.0,56.0
2019-06-13 14:52:22,67,41.0,51.0
2019-06-13 14:52:42,67,41.0,53.0
2019-06-13 14:53:02,67,41.0,61.0
2019-06-13 14:53:22,72,44.0,65.0
2019-06-13 14:53:42,72,44.0,65.0
2019-06-13 14:54:02,72,44.0,64.0
2019-06-13 14:54:22,78,47.0,67.0
2019-06-13 14:54:43,78,47.0,65.0
2019-06-13 14:55:03,78,47.0,69.0
2019-06-13 14:55:23,78,47.0,62.0
2019-06-13 14:55:43,78,47.0,69.0
2019-06-13 14:56:03,78,47.0,72.0
2019-06-13 14:56:23,78,47.0,62.0
2019-06-13 14:56:43,78,47.0,62.0
2019-06-13 14:57:03,78,47.0,62.0
2019-06-13 14:57:23,78,47.0,65.0
2019-06-13 14:57:43,78,47.0,59.0
2019-06-13 14:58:23,78,47.0,59.0
2019-06-13 14:58:43,78,47.0,64.0
2019-06-13 14:59:03,78,47.0,62.0
2019-06-13 14:59:23,72,44.0,62.0
2019-06-13 14:59:43,78,47.0,69.0
2019-06-13 15:00:04,78,47.0,69.0
2019-06-13 15:00:24,72,44.0,67.0
2019-06-13 15:00:44,78,47.0,75.0
2019-06-13 15:01:04,78,47.0,67.0
2019-06-13 15:01:24,78,47.0,61.0
2019-06-13 15:01:44,78,47.0,69.0
2019-06-13 15:02:04,72,44.0,65.0
2019-06-13 15:02:24,78,47.0,61.0
2019-06-13 15:02:44,78,47.0,70.0
2019-06-13 15:03:04,72,44.0,61.0
2019-06-13 15:03:24,72,44.0,62.0
2019-06-13 15:03:44,72,44.0,62.0
2019-06-13 15:04:04,73,44.0,73.0
2019-06-13 15:04:24,72,44.0,64.0
2019-06-13 15:04:44,78,47.0,62.0
2019-06-13 15:05:05,72,44.0,61.0
2019-06-13 15:05:25,78,47.0,61.0
2019-06-13 15:05:45,78,47.0,64.0
2019-06-13 15:06:05,78,47.0,70.0
2019-06-13 15:06:25,78,47.0,67.0
2019-06-13 15:06:45,72,44.0,62.0
2019-06-13 15:07:05,78,47.0,61.0
2019-06-13 15:07:25,78,47.0,62.0
2019-06-13 15:07:45,78,47.0,65.0
2019-06-13 15:08:25,72,44.0,65.0
2019-06-13 15:08:45,78,47.0,62.0
2019-06-13 15:09:05,78,47.0,67.0
2019-06-13 15:09:25,72,44.0,62.0
2019-06-13 15:09:45,72,44.0,57.0
2019-06-13 15:10:06,72,44.0,62.0
2019-06-13 15:10:26,78,47.0,64.0
2019-06-13 15:10:46,78,47.0,62.0
2019-06-13 15:11:06,78,47.0,69.0
2019-06-13 15:11:26,83,50.0,70.0
2019-06-13 15:11:46,78,47.0,67.0
2019-06-13 15:12:06,78,47.0,54.0
2019-06-13 15:12:26,78,47.0,56.0
2019-06-13 15:12:46,83,50.0,62.0
2019-06-13 15:13:06,78,47.0,67.0
2019-06-13 15:13:26,67,41.0,56.0
2019-06-13 15:13:46,67,41.0,57.0
2019-06-13 15:14:06,72,44.0,56.0
2019-06-13 15:14:26,72,44.0,53.0
2019-06-13 15:14:46,78,47.0,64.0
2019-06-13 15:15:07,83,50.0,65.0
2019-06-13 15:15:27,83,50.0,62.0
2019-06-13 15:15:47,88,53.0,65.0
2019-06-13 15:16:07,83,50.0,72.0
2019-06-13 15:16:27,78,47.0,67.0
2019-06-13 15:16:47,78,47.0,59.0
2019-06-13 15:17:07,83,50.0,65.0
2019-06-13 15:17:27,83,50.0,69.0
2019-06-13 15:17:47,83,50.0,62.0
2019-06-13 15:18:07,83,50.0,61.0
2019-06-13 15:18:27,78,47.0,62.0
2019-06-13 15:18:47,78,47.0,64.0
2019-06-13 15:19:07,83,50.0,75.0
2019-06-13 15:19:27,83,50.0,67.0
2019-06-13 15:19:47,83,50.0,59.0
2019-06-13 15:20:08,78,47.0,59.0
2019-06-13 15:20:28,83,50.0,59.0
2019-06-13 15:20:48,78,47.0,53.0
2019-06-13 15:21:08,78,47.0,57.0
2019-06-13 15:21:28,83,50.0,56.0
2019-06-13 15:21:48,78,47.0,54.0
2019-06-13 15:22:08,78,47.0,65.0
2019-06-13 15:22:28,83,50.0,70.0
2019-06-13 15:22:48,78,47.0,70.0
2019-06-13 15:23:08,78,47.0,67.0
2019-06-13 15:23:28,78,47.0,67.0
2019-06-13 15:23:48,78,47.0,65.0
2019-06-13 15:24:08,78,47.0,70.0
2019-06-13 15:24:28,78,47.0,75.0
2019-06-13 15:24:48,72,44.0,61.0
2019-06-13 15:25:07,78,47.0,61.0
2019-06-13 15:25:27,78,47.0,69.0
2019-06-13 15:25:47,78,47.0,67.0
2019-06-13 15:26:07,78,47.0,67.0
2019-06-13 15:26:27,78,47.0,73.0
2019-06-13 15:26:47,83,50.0,75.0
2019-06-13 15:27:07,106,58.0,110.0
2019-06-13 15:27:27,122,61.0,133.0
2019-06-13 15:27:47,113,60.0,120.0
2019-06-13 15:28:27,99,57.0,99.0
2019-06-13 15:28:47,94,57.0,94.0
2019-06-13 15:29:07,94,57.0,91.0
2019-06-13 15:29:27,101,57.0,102.0
2019-06-13 15:30:09,99,57.0,99.0
2019-06-13 15:30:29,98,57.0,98.0
2019-06-13 15:30:49,94,57.0,89.0
2019-06-13 15:31:09,93,56.0,81.0
2019-06-13 15:31:29,88,53.0,69.0
2019-06-13 15:31:49,83,50.0,70.0
2019-06-13 15:32:09,78,47.0,57.0
2019-06-13 15:32:29,78,47.0,61.0
2019-06-13 15:32:49,78,47.0,62.0
2019-06-13 15:33:09,83,50.0,67.0
2019-06-13 15:33:29,83,50.0,59.0
2019-06-13 15:33:49,83,50.0,73.0
2019-06-13 15:34:09,78,47.0,72.0
2019-06-13 15:34:29,78,47.0,64.0
2019-06-13 15:34:49,83,50.0,64.0
2019-06-13 15:35:09,78,47.0,64.0
2019-06-13 15:35:29,78,47.0,56.0
2019-06-13 15:35:49,78,47.0,61.0
2019-06-13 15:36:09,83,50.0,61.0
2019-06-13 15:36:29,83,50.0,67.0
2019-06-13 15:36:49,78,47.0,65.0
2019-06-13 15:37:09,83,50.0,70.0
2019-06-13 15:37:29,83,50.0,73.0
2019-06-13 15:37:49,83,50.0,75.0
2019-06-13 15:38:09,83,50.0,69.0
2019-06-13 15:38:29,83,50.0,65.0
2019-06-13 15:38:49,83,50.0,65.0
2019-06-13 15:39:09,83,50.0,59.0
2019-06-13 15:39:29,83,50.0,65.0
2019-06-13 15:39:51,83,50.0,69.0
2019-06-13 15:40:11,88,53.0,69.0
2019-06-13 15:40:31,78,47.0,69.0
2019-06-13 15:40:51,78,47.0,62.0
2019-06-13 15:41:11,83,50.0,69.0
2019-06-13 15:41:51,83,50.0,72.0
2019-06-13 15:42:11,83,50.0,62.0
2019-06-13 15:42:31,83,50.0,62.0
2019-06-13 15:42:51,78,47.0,67.0
2019-06-13 15:43:11,83,50.0,64.0
2019-06-13 15:43:31,78,47.0,65.0
2019-06-13 15:43:51,78,47.0,62.0
2019-06-13 15:44:11,83,50.0,62.0
2019-06-13 15:44:31,83,50.0,64.0
2019-06-13 15:44:51,78,47.0,65.0
2019-06-13 15:45:11,78,47.0,67.0
2019-06-13 15:45:31,78,47.0,65.0
2019-06-13 15:45:51,83,50.0,73.0
2019-06-13 15:46:11,83,50.0,77.0
2019-06-13 15:46:31,83,50.0,70.0
2019-06-13 15:46:51,83,50.0,67.0
2019-06-13 15:47:11,88,53.0,73.0
2019-06-13 15:47:31,88,53.0,72.0
2019-06-13 15:47:51,83,50.0,70.0
2019-06-13 15:48:11,83,50.0,64.0
2019-06-13 15:48:31,83,50.0,62.0
2019-06-13 15:48:51,83,50.0,65.0
2019-06-13 15:49:11,83,50.0,65.0
2019-06-13 15:49:31,78,47.0,64.0
2019-06-13 15:49:51,78,47.0,65.0
2019-06-13 15:50:11,78,47.0,70.0
2019-06-13 15:50:33,78,47.0,73.0
2019-06-13 15:50:53,83,50.0,70.0
2019-06-13 15:51:13,88,53.0,75.0
2019-06-13 15:51:33,88,53.0,72.0
2019-06-13 15:51:53,83,50.0,77.0
2019-06-13 15:52:14,83,50.0,69.0
2019-06-13 15:52:34,83,50.0,67.0
2019-06-13 15:52:54,78,47.0,65.0
2019-06-13 15:53:14,78,47.0,65.0
2019-06-13 15:53:34,78,47.0,67.0
2019-06-13 15:53:54,83,50.0,70.0
2019-06-13 15:54:14,78,47.0,65.0
2019-06-13 15:54:34,78,47.0,64.0
2019-06-13 15:54:54,78,47.0,67.0
2019-06-13 15:55:34,83,50.0,69.0
2019-06-13 15:55:54,88,53.0,69.0
2019-06-13 15:56:14,88,53.0,75.0
2019-06-13 15:56:34,93,56.0,72.0
2019-06-13 15:56:54,83,50.0,70.0
2019-06-13 15:57:15,83,50.0,77.0
2019-06-13 15:57:35,83,50.0,64.0
2019-06-13 15:57:55,83,50.0,69.0
2019-06-13 15:58:15,93,56.0,85.0
2019-06-13 15:58:35,88,53.0,69.0
2019-06-13 15:58:54,88,53.0,69.0
2019-06-13 15:59:14,83,50.0,57.0
2019-06-13 15:59:34,83,50.0,56.0
2019-06-13 15:59:54,83,50.0,64.0
2019-06-13 16:00:14,83,50.0,62.0
2019-06-13 16:00:35,78,47.0,64.0
2019-06-13 16:00:55,83,50.0,70.0
2019-06-13 16:01:15,83,50.0,72.0
2019-06-13 16:01:35,83,50.0,73.0
2019-06-13 16:01:55,83,50.0,69.0
2019-06-13 16:02:16,83,50.0,64.0
2019-06-13 16:02:36,83,50.0,54.0
2019-06-13 16:02:56,83,50.0,61.0
2019-06-13 16:03:16,83,50.0,72.0
2019-06-13 16:03:36,83,50.0,70.0
2019-06-13 16:03:56,83,50.0,65.0
2019-06-13 16:04:16,83,50.0,69.0
2019-06-13 16:04:36,83,50.0,67.0
2019-06-13 16:04:56,83,50.0,75.0
2019-06-13 16:05:36,83,50.0,61.0
2019-06-13 16:05:56,83,50.0,73.0
2019-06-13 16:06:16,80,47.0,80.0
2019-06-13 16:06:36,78,47.0,75.0
2019-06-13 16:07:16,78,47.0,61.0
2019-06-13 16:07:36,78,47.0,72.0
2019-06-13 16:07:56,83,50.0,75.0
2019-06-13 16:08:16,83,50.0,69.0
2019-06-13 16:08:57,78,47.0,70.0
2019-06-13 16:09:17,88,53.0,73.0
2019-06-13 16:09:37,88,53.0,77.0
2019-06-13 16:09:57,88,53.0,69.0
2019-06-13 16:10:17,88,53.0,75.0
2019-06-13 16:10:37,83,50.0,69.0
2019-06-13 16:10:57,83,50.0,69.0
2019-06-13 16:11:17,88,53.0,67.0
2019-06-13 16:11:37,83,50.0,70.0
2019-06-13 16:12:17,83,50.0,70.0
2019-06-13 16:12:37,83,50.0,73.0
2019-06-13 16:12:57,88,53.0,81.0
2019-06-13 16:13:17,88,53.0,78.0
2019-06-13 16:13:58,88,53.0,83.0
2019-06-13 16:14:18,88,53.0,80.0
2019-06-13 16:14:38,88,53.0,77.0
2019-06-13 16:14:58,83,50.0,64.0
2019-06-13 16:15:38,88,53.0,78.0
2019-06-13 16:15:58,88,53.0,72.0
2019-06-13 16:16:18,88,53.0,69.0
2019-06-13 16:16:38,88,53.0,75.0
2019-06-13 16:17:18,83,50.0,80.0
2019-06-13 16:17:38,88,53.0,72.0
2019-06-13 16:17:58,88,53.0,70.0
2019-06-13 16:18:18,88,53.0,72.0
2019-06-13 16:18:39,88,53.0,78.0
2019-06-13 16:18:59,93,56.0,80.0
2019-06-13 16:19:19,93,56.0,83.0
2019-06-13 16:19:39,93,56.0,89.0
2019-06-13 16:19:59,94,56.0,94.0
2019-06-13 16:20:19,88,53.0,80.0
2019-06-13 16:20:39,83,50.0,72.0
2019-06-13 16:20:59,78,47.0,70.0
2019-06-13 16:21:19,83,50.0,75.0
2019-06-13 16:21:59,88,53.0,75.0
2019-06-13 16:22:19,88,53.0,83.0
2019-06-13 16:22:39,93,53.0,93.0
2019-06-13 16:22:59,96,53.0,96.0
2019-06-13 16:23:39,88,53.0,85.0
2019-06-13 16:23:59,88,53.0,77.0
2019-06-13 16:24:19,88,53.0,78.0
2019-06-13 16:24:39,88,53.0,75.0
2019-06-13 16:25:18,89,50.0,89.0
2019-06-13 16:25:38,83,50.0,81.0
2019-06-13 16:25:58,94,56.0,94.0
2019-06-13 16:26:18,83,50.0,80.0
2019-06-13 16:27:00,83,50.0,73.0
2019-06-13 16:27:20,83,50.0,69.0
2019-06-13 16:27:40,83,50.0,77.0
2019-06-13 16:28:00,91,50.0,91.0
2019-06-13 16:28:40,88,53.0,81.0
2019-06-13 16:29:00,88,53.0,86.0
2019-06-13 16:29:20,89,53.0,89.0
2019-06-13 16:29:40,89,53.0,89.0
2019-06-13 16:30:21,88,53.0,85.0
2019-06-13 16:30:41,93,56.0,85.0
2019-06-13 16:31:01,83,50.0,83.0
2019-06-13 16:31:21,88,53.0,85.0
2019-06-13 16:31:41,88,53.0,75.0
2019-06-13 16:32:01,88,53.0,86.0
2019-06-13 16:32:21,93,53.0,93.0
2019-06-13 16:32:41,93,56.0,93.0
2019-06-13 16:33:01,88,53.0,83.0
2019-06-13 16:33:41,86,50.0,86.0
2019-06-13 16:34:01,80,47.0,80.0
2019-06-13 16:34:21,86,50.0,86.0
2019-06-13 16:34:41,94,53.0,94.0
2019-06-13 16:35:22,89,53.0,89.0
2019-06-13 16:35:42,89,50.0,89.0
2019-06-13 16:36:02,94,50.0,94.0
2019-06-13 16:36:22,91,50.0,91.0
2019-06-13 16:36:42,89,50.0,89.0
2019-06-13 16:37:02,89,50.0,89.0
2019-06-13 16:37:22,69,41.0,69.0
2019-06-13 16:37:42,78,44.0,78.0
2019-06-13 16:38:02,69,41.0,69.0
2019-06-13 16:38:42,78,47.0,75.0
2019-06-13 16:39:02,89,50.0,89.0
2019-06-13 16:39:22,83,47.0,83.0
2019-06-13 16:39:42,91,50.0,91.0
2019-06-13 16:40:23,88,53.0,88.0
2019-06-13 16:40:43,93,56.0,91.0
2019-06-13 16:41:03,91,53.0,91.0
2019-06-13 16:41:23,88,53.0,85.0
2019-06-13 16:42:03,88,53.0,85.0
2019-06-13 16:42:23,89,50.0,89.0
2019-06-13 16:42:43,98,53.0,98.0
2019-06-13 16:43:03,88,53.0,88.0
2019-06-13 16:43:23,88,53.0,86.0
2019-06-13 16:43:43,88,53.0,83.0
2019-06-13 16:44:03,98,53.0,98.0
2019-06-13 16:44:23,98,53.0,98.0
2019-06-13 16:44:43,94,53.0,94.0
2019-06-13 16:45:03,88,53.0,81.0
2019-06-13 16:45:23,88,53.0,81.0
2019-06-13 16:45:43,93,56.0,89.0
2019-06-13 16:46:03,88,53.0,86.0
2019-06-13 16:46:23,88,53.0,88.0
2019-06-13 16:46:44,86,50.0,86.0
2019-06-13 16:47:04,88,53.0,85.0
2019-06-13 16:47:24,93,56.0,89.0
2019-06-13 16:47:44,89,53.0,89.0
2019-06-13 16:48:04,88,53.0,86.0
2019-06-13 16:48:24,89,53.0,89.0
2019-06-13 16:48:44,89,53.0,89.0
2019-06-13 16:49:04,94,56.0,94.0
2019-06-13 16:49:24,93,53.0,93.0
2019-06-13 16:49:44,88,53.0,85.0
2019-06-13 16:50:03,89,53.0,89.0
2019-06-13 16:50:23,88,53.0,83.0
2019-06-13 16:50:43,96,53.0,96.0
2019-06-13 16:51:03,104,56.0,107.0
2019-06-13 16:51:44,99,56.0,99.0
2019-06-13 16:52:04,93,56.0,88.0
2019-06-13 16:52:24,99,53.0,99.0
2019-06-13 16:52:44,96,56.0,96.0
2019-06-13 16:53:25,98,56.0,98.0
2019-06-13 16:53:45,93,56.0,86.0
2019-06-13 16:54:05,89,53.0,89.0
2019-06-13 16:54:25,104,57.0,106.0
2019-06-13 16:55:05,96,56.0,96.0
2019-06-13 16:55:25,101,56.0,102.0
2019-06-13 16:55:45,102,57.0,104.0
2019-06-13 16:56:05,101,56.0,101.0
2019-06-13 16:56:26,94,56.0,94.0
2019-06-13 16:56:46,109,57.0,114.0
2019-06-13 16:57:06,104,57.0,106.0
2019-06-13 16:57:26,89,53.0,89.0
2019-06-13 16:57:46,93,53.0,93.0
2019-06-13 16:58:06,101,56.0,102.0
2019-06-13 16:58:26,104,57.0,106.0
2019-06-13 16:58:46,96,56.0,96.0
2019-06-13 16:59:06,93,56.0,93.0
2019-06-13 16:59:26,93,56.0,91.0
2019-06-13 16:59:46,99,56.0,99.0
2019-06-13 17:00:07,102,57.0,104.0
2019-06-13 17:00:27,94,57.0,94.0
2019-06-13 17:00:47,101,57.0,101.0
2019-06-13 17:01:07,101,57.0,101.0
2019-06-13 17:01:47,94,56.0,94.0
2019-06-13 17:02:07,93,56.0,91.0
2019-06-13 17:02:27,93,56.0,93.0
2019-06-13 17:02:47,93,56.0,91.0
2019-06-13 17:03:07,94,57.0,93.0
2019-06-13 17:03:27,94,57.0,88.0
2019-06-13 17:03:47,99,57.0,99.0
2019-06-13 17:04:07,106,57.0,110.0
2019-06-13 17:04:27,96,56.0,96.0
2019-06-13 17:05:07,101,57.0,101.0
2019-06-13 17:05:27,96,57.0,96.0
2019-06-13 17:05:47,101,57.0,102.0
2019-06-13 17:06:07,106,57.0,109.0
2019-06-13 17:06:48,93,56.0,93.0
2019-06-13 17:07:08,94,57.0,88.0
2019-06-13 17:07:28,94,57.0,88.0
2019-06-13 17:07:48,102,57.0,104.0
2019-06-13 17:08:08,104,57.0,106.0
2019-06-13 17:08:28,101,57.0,102.0
2019-06-13 17:08:48,109,58.0,114.0
2019-06-13 17:09:08,110,57.0,115.0
2019-06-13 17:09:28,101,57.0,101.0
2019-06-13 17:09:48,102,56.0,104.0
2019-06-13 17:10:08,99,56.0,99.0
2019-06-13 17:10:28,101,57.0,101.0
2019-06-13 17:10:48,99,56.0,99.0
2019-06-13 17:11:08,101,57.0,101.0
2019-06-13 17:11:29,106,57.0,110.0
2019-06-13 17:11:49,101,57.0,102.0
2019-06-13 17:12:09,101,56.0,101.0
2019-06-13 17:12:29,102,56.0,104.0
2019-06-13 17:12:49,101,57.0,101.0
2019-06-13 17:13:09,104,56.0,106.0
2019-06-13 17:13:29,102,56.0,104.0
2019-06-13 17:13:49,96,53.0,96.0
2019-06-13 17:14:09,89,53.0,89.0
2019-06-13 17:14:49,101,56.0,102.0
2019-06-13 17:15:09,98,56.0,98.0
2019-06-13 17:15:29,93,56.0,81.0
2019-06-13 17:15:49,93,56.0,91.0
2019-06-13 17:16:29,115,57.0,123.0
2019-06-13 17:16:49,93,56.0,93.0
2019-06-13 17:17:09,94,57.0,89.0
2019-06-13 17:17:29,93,56.0,89.0
2019-06-13 17:18:10,93,56.0,93.0
2019-06-13 17:18:30,98,57.0,98.0
2019-06-13 17:18:50,94,56.0,94.0
2019-06-13 17:19:10,88,53.0,88.0
2019-06-13 17:19:30,88,53.0,85.0
2019-06-13 17:19:50,93,56.0,93.0
2019-06-13 17:20:10,94,56.0,94.0
2019-06-13 17:20:30,101,57.0,102.0
2019-06-13 17:20:50,106,56.0,110.0
2019-06-13 17:21:10,96,56.0,96.0
2019-06-13 17:21:30,104,57.0,106.0
2019-06-13 17:21:50,96,56.0,96.0
2019-06-13 17:22:10,106,58.0,110.0
2019-06-13 17:22:30,113,60.0,120.0
2019-06-13 17:22:50,99,57.0,99.0
2019-06-13 17:23:31,96,56.0,96.0
2019-06-13 17:23:51,98,56.0,98.0
2019-06-13 17:24:11,106,57.0,109.0
2019-06-13 17:24:31,104,57.0,106.0
2019-06-13 17:25:11,98,57.0,98.0
2019-06-13 17:25:31,94,57.0,91.0
2019-06-13 17:25:51,108,57.0,112.0
2019-06-13 17:26:11,104,56.0,107.0
2019-06-13 17:26:31,93,56.0,89.0
2019-06-13 17:26:51,94,56.0,94.0
2019-06-13 17:27:11,93,56.0,93.0
2019-06-13 17:27:31,96,56.0,96.0
2019-06-13 17:27:51,96,57.0,96.0
2019-06-13 17:28:12,99,56.0,99.0
2019-06-13 17:28:32,96,56.0,96.0
2019-06-13 17:28:52,93,56.0,93.0
2019-06-13 17:29:12,93,56.0,89.0
2019-06-13 17:29:32,96,56.0,96.0
2019-06-13 17:29:52,102,56.0,104.0
2019-06-13 17:30:12,93,56.0,88.0
2019-06-13 17:30:32,93,56.0,88.0
2019-06-13 17:30:52,99,57.0,99.0
2019-06-13 17:31:32,93,56.0,89.0
2019-06-13 17:31:52,104,57.0,106.0
2019-06-13 17:32:12,104,58.0,106.0
2019-06-13 17:32:32,94,57.0,86.0
2019-06-13 17:33:13,94,57.0,88.0
2019-06-13 17:33:33,94,57.0,94.0
2019-06-13 17:33:53,102,57.0,104.0
2019-06-13 17:34:13,98,56.0,98.0
2019-06-13 17:34:33,102,57.0,104.0
2019-06-13 17:34:53,106,58.0,109.0
2019-06-13 17:35:13,109,57.0,114.0
2019-06-13 17:35:33,102,57.0,104.0
2019-06-13 17:35:53,102,56.0,104.0
2019-06-13 17:36:13,101,58.0,102.0
2019-06-13 17:36:33,98,58.0,98.0
2019-06-13 17:36:53,94,57.0,89.0
2019-06-13 17:37:13,93,56.0,89.0
2019-06-13 17:37:33,93,56.0,91.0
2019-06-13 17:37:54,94,57.0,91.0
2019-06-13 17:38:14,94,57.0,85.0
2019-06-13 17:38:34,96,57.0,96.0
2019-06-13 17:38:54,104,57.0,106.0
2019-06-13 17:39:14,99,58.0,99.0
2019-06-13 17:39:34,94,57.0,94.0
2019-06-13 17:39:54,99,57.0,99.0
2019-06-13 17:40:14,99,57.0,99.0
2019-06-13 17:40:34,94,57.0,89.0
2019-06-13 17:40:54,93,56.0,91.0
2019-06-13 17:41:14,94,57.0,93.0
2019-06-13 17:41:34,93,56.0,85.0
2019-06-13 17:41:54,88,53.0,85.0
2019-06-13 17:42:14,96,56.0,96.0
2019-06-13 17:42:34,93,56.0,91.0
2019-06-13 17:42:55,94,57.0,91.0
2019-06-13 17:43:15,98,57.0,98.0
2019-06-13 17:43:35,99,56.0,99.0
2019-06-13 17:43:55,96,57.0,96.0
2019-06-13 17:44:15,93,56.0,89.0
2019-06-13 17:44:35,94,57.0,94.0
2019-06-13 17:44:55,93,56.0,85.0
2019-06-13 17:45:15,93,56.0,83.0
2019-06-13 17:45:35,101,57.0,102.0
2019-06-13 17:46:15,93,56.0,86.0
2019-06-13 17:46:35,93,56.0,89.0
2019-06-13 17:46:55,94,57.0,85.0
2019-06-13 17:47:15,93,56.0,91.0
2019-06-13 17:47:55,94,57.0,94.0
2019-06-13 17:48:15,98,57.0,98.0
2019-06-13 17:48:35,104,57.0,106.0
2019-06-13 17:48:55,98,57.0,98.0
2019-06-13 17:49:16,101,56.0,101.0
2019-06-13 17:49:36,101,56.0,102.0
2019-06-13 17:49:56,106,56.0,110.0
2019-06-13 17:50:16,104,56.0,106.0
2019-06-13 17:50:36,96,56.0,96.0
2019-06-13 17:50:56,93,56.0,83.0
2019-06-13 17:51:16,93,56.0,86.0
2019-06-13 17:51:36,99,56.0,99.0
2019-06-13 17:51:56,99,56.0,99.0
2019-06-13 17:52:16,93,56.0,93.0
2019-06-13 17:52:36,98,56.0,98.0
2019-06-13 17:52:56,93,56.0,93.0
2019-06-13 17:53:16,91,53.0,91.0
2019-06-13 17:53:36,93,56.0,86.0
2019-06-13 17:53:56,93,56.0,85.0
2019-06-13 17:54:17,93,56.0,81.0
2019-06-13 17:54:37,94,56.0,94.0
2019-06-13 17:54:57,93,56.0,89.0
2019-06-13 17:55:17,93,56.0,86.0
2019-06-13 17:55:37,88,53.0,88.0
2019-06-13 17:55:57,88,53.0,83.0
2019-06-13 17:56:17,94,53.0,94.0
2019-06-13 17:56:37,93,56.0,88.0
2019-06-13 17:56:57,93,56.0,86.0
2019-06-13 17:57:17,93,56.0,91.0
2019-06-13 17:57:57,102,56.0,104.0
2019-06-13 17:58:17,91,53.0,91.0
2019-06-13 17:58:37,98,56.0,98.0
2019-06-13 17:58:57,94,56.0,94.0
2019-06-13 17:59:37,93,56.0,93.0
2019-06-13 17:59:57,93,56.0,86.0
2019-06-13 18:00:17,93,56.0,83.0
2019-06-13 18:00:37,94,57.0,88.0
2019-06-13 18:00:58,96,56.0,96.0
2019-06-13 18:01:18,94,56.0,94.0
2019-06-13 18:01:38,94,57.0,94.0
2019-06-13 18:01:58,93,56.0,89.0
2019-06-13 18:02:18,93,56.0,89.0
2019-06-13 18:02:38,94,56.0,94.0
2019-06-13 18:02:58,93,56.0,89.0
2019-06-13 18:03:18,93,56.0,78.0
2019-06-13 18:03:38,93,56.0,91.0
2019-06-13 18:03:58,93,56.0,86.0
